{
  "stus": [{
      "name": "lisi",
      "age": 10
    },
    {
      "name": "lisi1",
      "age": 10
    },
    {
      "name": "lisi2",
      "age": 10
    },
    {
      "name": "lisi3",
      "age": 10
    },
    {
      "name": "lisi4",
      "age": 10
    },
    {
      "name": "lisi5",
      "age": 10
    },
    {
      "name": "lisi6",
      "age": 10
    },
    {
      "name": "lisi7",
      "age": 10
    },
    {
      "name": "lisi8",
      "age": 10
    },
    {
      "name": "lisi9",
      "age": 10
    },
    {
      "name": "lisi10",
      "age": 10
    },
    {
      "name": "lisi11",
      "age": 10
    }
  ]
}
